precinct_code,location,voting_center,scope,contest_name,candidate_name,votes,percentage
87010013,"BARMM, MAGUINDANAO DEL NORTE, BARIRA, GADUNG",BRGY. GADUNG,national,SENATOR of PHILIPPINES,"1. ABALOS, BENHUR (PFP)",437,5.43
87010013,"BARMM, MAGUINDANAO DEL NORTE, BARIRA, GADUNG",BRGY. GADUNG,national,SENATOR of PHILIPPINES,"2. ADONIS, JEROME (MKBYN)",0,0.0
87010013,"BARMM, MAGUINDANAO DEL NORTE, BARIRA, GADUNG",BRGY. GADUNG,national,SENATOR of PHILIPPINES,"3. AMAD, WILSON (IND)",2,0.02
87010013,"BARMM, MAGUINDANAO DEL NORTE, BARIRA, GADUNG",BRGY. GADUNG,national,SENATOR of PHILIPPINES,"4. ANDAMO, NARS ALYN (MKBYN)",0,0.0
87010013,"BARMM, MAGUINDANAO DEL NORTE, BARIRA, GADUNG",BRGY. GADUNG,national,SENATOR of PHILIPPINES,"5. AQUINO, BAM (KNP)",11,0.14
87010013,"BARMM, MAGUINDANAO DEL NORTE, BARIRA, GADUNG",BRGY. GADUNG,national,SENATOR of PHILIPPINES,"6. ARAMBULO, RONNEL (MKBYN)",0,0.0
87010013,"BARMM, MAGUINDANAO DEL NORTE, BARIRA, GADUNG",BRGY. GADUNG,national,SENATOR of PHILIPPINES,"7. ARELLANO, ERNESTO (KTPNAN)",0,0.0
87010013,"BARMM, MAGUINDANAO DEL NORTE, BARIRA, GADUNG",BRGY. GADUNG,national,SENATOR of PHILIPPINES,"8. BALLON, ROBERTO (IND)",0,0.0
87010013,"BARMM, MAGUINDANAO DEL NORTE, BARIRA, GADUNG",BRGY. GADUNG,national,SENATOR of PHILIPPINES,"9. BINAY, ABBY (NPC)",4,0.05
87010013,"BARMM, MAGUINDANAO DEL NORTE, BARIRA, GADUNG",BRGY. GADUNG,national,SENATOR of PHILIPPINES,"10. BONDOC, JIMMY (PDPLBN)",354,4.4
87010013,"BARMM, MAGUINDANAO DEL NORTE, BARIRA, GADUNG",BRGY. GADUNG,national,SENATOR of PHILIPPINES,"11. BONG REVILLA,RAMON, JR.(LAKAS)",429,5.33
87010013,"BARMM, MAGUINDANAO DEL NORTE, BARIRA, GADUNG",BRGY. GADUNG,national,SENATOR of PHILIPPINES,"12. BOSITA, COLONEL (IND)",0,0.0
87010013,"BARMM, MAGUINDANAO DEL NORTE, BARIRA, GADUNG",BRGY. GADUNG,national,SENATOR of PHILIPPINES,"13. BROSAS, ARLENE (MKBYN)",1,0.01
87010013,"BARMM, MAGUINDANAO DEL NORTE, BARIRA, GADUNG",BRGY. GADUNG,national,SENATOR of PHILIPPINES,"14. CABONEGRO, ROY (DPP)",0,0.0
87010013,"BARMM, MAGUINDANAO DEL NORTE, BARIRA, GADUNG",BRGY. GADUNG,national,SENATOR of PHILIPPINES,"15. CAPUYAN, ALLEN (PPP)",0,0.0
87010013,"BARMM, MAGUINDANAO DEL NORTE, BARIRA, GADUNG",BRGY. GADUNG,national,SENATOR of PHILIPPINES,"16. CASIÑO, TEDDY (MKBYN)",0,0.0
87010013,"BARMM, MAGUINDANAO DEL NORTE, BARIRA, GADUNG",BRGY. GADUNG,national,SENATOR of PHILIPPINES,"17. CASTRO, TEACHER FRANCE (MKBYN)",0,0.0
87010013,"BARMM, MAGUINDANAO DEL NORTE, BARIRA, GADUNG",BRGY. GADUNG,national,SENATOR of PHILIPPINES,"18. CAYETANO, PIA (NP)",423,5.26
87010013,"BARMM, MAGUINDANAO DEL NORTE, BARIRA, GADUNG",BRGY. GADUNG,national,SENATOR of PHILIPPINES,"19. D'ANGELO, DAVID (BUNYOG)",0,0.0
87010013,"BARMM, MAGUINDANAO DEL NORTE, BARIRA, GADUNG",BRGY. GADUNG,national,SENATOR of PHILIPPINES,"20. DE ALBAN,ATTORNEY ANGELO (IND)",3,0.04
87010013,"BARMM, MAGUINDANAO DEL NORTE, BARIRA, GADUNG",BRGY. GADUNG,national,SENATOR of PHILIPPINES,"21. DE GUZMAN, KA LEODY (PLM)",0,0.0
87010013,"BARMM, MAGUINDANAO DEL NORTE, BARIRA, GADUNG",BRGY. GADUNG,national,SENATOR of PHILIPPINES,"22. DELA ROSA, BATO (PDPLBN)",800,9.94
87010013,"BARMM, MAGUINDANAO DEL NORTE, BARIRA, GADUNG",BRGY. GADUNG,national,SENATOR of PHILIPPINES,"23. DORINGO, NANAY MIMI (MKBYN)",5,0.06
87010013,"BARMM, MAGUINDANAO DEL NORTE, BARIRA, GADUNG",BRGY. GADUNG,national,SENATOR of PHILIPPINES,"24. ESCOBAL, ARNEL (PM)",1,0.01
87010013,"BARMM, MAGUINDANAO DEL NORTE, BARIRA, GADUNG",BRGY. GADUNG,national,SENATOR of PHILIPPINES,"25. ESPIRITU, LUKE (PLM)",0,0.0
87010013,"BARMM, MAGUINDANAO DEL NORTE, BARIRA, GADUNG",BRGY. GADUNG,national,SENATOR of PHILIPPINES,"26. FLORANDA, MODY PISTON (MKBYN)",1,0.01
87010013,"BARMM, MAGUINDANAO DEL NORTE, BARIRA, GADUNG",BRGY. GADUNG,national,SENATOR of PHILIPPINES,"27. GAMBOA, MARC LOUIE (IND)",0,0.0
87010013,"BARMM, MAGUINDANAO DEL NORTE, BARIRA, GADUNG",BRGY. GADUNG,national,SENATOR of PHILIPPINES,"28. GO, BONG GO    (PDPLBN)",783,9.73
87010013,"BARMM, MAGUINDANAO DEL NORTE, BARIRA, GADUNG",BRGY. GADUNG,national,SENATOR of PHILIPPINES,"29. GONZALES, NORBERTO (PDSP)",4,0.05
87010013,"BARMM, MAGUINDANAO DEL NORTE, BARIRA, GADUNG",BRGY. GADUNG,national,SENATOR of PHILIPPINES,"30. HINLO, JAYVEE (PDPLBN)",229,2.85
87010013,"BARMM, MAGUINDANAO DEL NORTE, BARIRA, GADUNG",BRGY. GADUNG,national,SENATOR of PHILIPPINES,"31. HONASAN, GRINGO (RP)",3,0.04
87010013,"BARMM, MAGUINDANAO DEL NORTE, BARIRA, GADUNG",BRGY. GADUNG,national,SENATOR of PHILIPPINES,"32. JOSE, RELLY JR. (KBL)",4,0.05
87010013,"BARMM, MAGUINDANAO DEL NORTE, BARIRA, GADUNG",BRGY. GADUNG,national,SENATOR of PHILIPPINES,"33. LACSON, PING (IND)",411,5.11
87010013,"BARMM, MAGUINDANAO DEL NORTE, BARIRA, GADUNG",BRGY. GADUNG,national,SENATOR of PHILIPPINES,"34. LAMBINO,  RAUL  (PDPLBN)",222,2.76
87010013,"BARMM, MAGUINDANAO DEL NORTE, BARIRA, GADUNG",BRGY. GADUNG,national,SENATOR of PHILIPPINES,"35. LAPID, LITO (NPC)",2,0.02
87010013,"BARMM, MAGUINDANAO DEL NORTE, BARIRA, GADUNG",BRGY. GADUNG,national,SENATOR of PHILIPPINES,"36. LEE, MANOY WILBERT (AKSYON)",0,0.0
87010013,"BARMM, MAGUINDANAO DEL NORTE, BARIRA, GADUNG",BRGY. GADUNG,national,SENATOR of PHILIPPINES,"37. LIDASAN, AMIRAH (MKBYN)",3,0.04
87010013,"BARMM, MAGUINDANAO DEL NORTE, BARIRA, GADUNG",BRGY. GADUNG,national,SENATOR of PHILIPPINES,"38. MARCOLETA, RODANTE (IND)",661,8.21
87010013,"BARMM, MAGUINDANAO DEL NORTE, BARIRA, GADUNG",BRGY. GADUNG,national,SENATOR of PHILIPPINES,"39. MARCOS, IMEE R. (NP)",533,6.62
87010013,"BARMM, MAGUINDANAO DEL NORTE, BARIRA, GADUNG",BRGY. GADUNG,national,SENATOR of PHILIPPINES,"40. MARQUEZ, NORMAN (IND)",2,0.02
87010013,"BARMM, MAGUINDANAO DEL NORTE, BARIRA, GADUNG",BRGY. GADUNG,national,SENATOR of PHILIPPINES,"41. MARTINEZ, ERIC (IND)",1,0.01
87010013,"BARMM, MAGUINDANAO DEL NORTE, BARIRA, GADUNG",BRGY. GADUNG,national,SENATOR of PHILIPPINES,"42. MATA, DOC MARITES (IND)",202,2.51
87010013,"BARMM, MAGUINDANAO DEL NORTE, BARIRA, GADUNG",BRGY. GADUNG,national,SENATOR of PHILIPPINES,"43. MATULA,  ATTY.  SONNY (WPP)",1,0.01
87010013,"BARMM, MAGUINDANAO DEL NORTE, BARIRA, GADUNG",BRGY. GADUNG,national,SENATOR of PHILIPPINES,"44. MAZA, LIZA (MKBYN)",0,0.0
87010013,"BARMM, MAGUINDANAO DEL NORTE, BARIRA, GADUNG",BRGY. GADUNG,national,SENATOR of PHILIPPINES,"45. MENDOZA, HEIDI (IND)",1,0.01
87010013,"BARMM, MAGUINDANAO DEL NORTE, BARIRA, GADUNG",BRGY. GADUNG,national,SENATOR of PHILIPPINES,"46. MONTEMAYOR,  JOEY  (IND)",0,0.0
87010013,"BARMM, MAGUINDANAO DEL NORTE, BARIRA, GADUNG",BRGY. GADUNG,national,SENATOR of PHILIPPINES,"47. MUSTAPHA, SUBAIR (WPP)",0,0.0
87010013,"BARMM, MAGUINDANAO DEL NORTE, BARIRA, GADUNG",BRGY. GADUNG,national,SENATOR of PHILIPPINES,"48. OLIVAR, JOSE JESSIE (IND)",1,0.01
87010013,"BARMM, MAGUINDANAO DEL NORTE, BARIRA, GADUNG",BRGY. GADUNG,national,SENATOR of PHILIPPINES,"49. ONG, DOC WILLIE (AKSYON)",2,0.02
87010013,"BARMM, MAGUINDANAO DEL NORTE, BARIRA, GADUNG",BRGY. GADUNG,national,SENATOR of PHILIPPINES,"50. PACQUIAO, MANNY PACMAN (PFP)",405,5.03
87010013,"BARMM, MAGUINDANAO DEL NORTE, BARIRA, GADUNG",BRGY. GADUNG,national,SENATOR of PHILIPPINES,"51. PANGILINAN, KIKO (LP)",5,0.06
87010013,"BARMM, MAGUINDANAO DEL NORTE, BARIRA, GADUNG",BRGY. GADUNG,national,SENATOR of PHILIPPINES,"52. QUERUBIN,  ARIEL PORFIRIO (NP)",0,0.0
87010013,"BARMM, MAGUINDANAO DEL NORTE, BARIRA, GADUNG",BRGY. GADUNG,national,SENATOR of PHILIPPINES,"53. QUIBOLOY, APOLLO (IND)",202,2.51
87010013,"BARMM, MAGUINDANAO DEL NORTE, BARIRA, GADUNG",BRGY. GADUNG,national,SENATOR of PHILIPPINES,"54. RAMOS, DANILO (MKBYN)",0,0.0
87010013,"BARMM, MAGUINDANAO DEL NORTE, BARIRA, GADUNG",BRGY. GADUNG,national,SENATOR of PHILIPPINES,"55. REVILLAME, WILLIE WIL (IND)",3,0.04
87010013,"BARMM, MAGUINDANAO DEL NORTE, BARIRA, GADUNG",BRGY. GADUNG,national,SENATOR of PHILIPPINES,"56. RODRIGUEZ, ATTY. VIC (IND)",225,2.8
87010013,"BARMM, MAGUINDANAO DEL NORTE, BARIRA, GADUNG",BRGY. GADUNG,national,SENATOR of PHILIPPINES,"57. SAHIDULLA, NUR-ANA (IND)",0,0.0
87010013,"BARMM, MAGUINDANAO DEL NORTE, BARIRA, GADUNG",BRGY. GADUNG,national,SENATOR of PHILIPPINES,"58. SALVADOR, PHILLIP IPE (PDPLBN)",282,3.5
87010013,"BARMM, MAGUINDANAO DEL NORTE, BARIRA, GADUNG",BRGY. GADUNG,national,SENATOR of PHILIPPINES,"59. SOTTO, TITO (NPC)",14,0.17
87010013,"BARMM, MAGUINDANAO DEL NORTE, BARIRA, GADUNG",BRGY. GADUNG,national,SENATOR of PHILIPPINES,"60. TAPADO, MICHAEL BONGBONG (PM)",2,0.02
87010013,"BARMM, MAGUINDANAO DEL NORTE, BARIRA, GADUNG",BRGY. GADUNG,national,SENATOR of PHILIPPINES,"61. TOLENTINO, FRANCIS TOL (PFP)",418,5.19
87010013,"BARMM, MAGUINDANAO DEL NORTE, BARIRA, GADUNG",BRGY. GADUNG,national,SENATOR of PHILIPPINES,"62. TULFO, BEN BITAG (IND)",417,5.18
87010013,"BARMM, MAGUINDANAO DEL NORTE, BARIRA, GADUNG",BRGY. GADUNG,national,SENATOR of PHILIPPINES,"63. TULFO, ERWIN (LAKAS)",4,0.05
87010013,"BARMM, MAGUINDANAO DEL NORTE, BARIRA, GADUNG",BRGY. GADUNG,national,SENATOR of PHILIPPINES,"64. VALBUENA, MAR MANIBELA (IND)",0,0.0
87010013,"BARMM, MAGUINDANAO DEL NORTE, BARIRA, GADUNG",BRGY. GADUNG,national,SENATOR of PHILIPPINES,"65. VERCELES, LEANDRO (IND)",2,0.02
87010013,"BARMM, MAGUINDANAO DEL NORTE, BARIRA, GADUNG",BRGY. GADUNG,national,SENATOR of PHILIPPINES,"66. VILLAR, CAMILLE (NP)",532,6.61
87010013,"BARMM, MAGUINDANAO DEL NORTE, BARIRA, GADUNG",BRGY. GADUNG,national,PARTY LIST of PHILIPPINES,1 4PS,1,0.13
87010013,"BARMM, MAGUINDANAO DEL NORTE, BARIRA, GADUNG",BRGY. GADUNG,national,PARTY LIST of PHILIPPINES,2 PPP,0,0.0
87010013,"BARMM, MAGUINDANAO DEL NORTE, BARIRA, GADUNG",BRGY. GADUNG,national,PARTY LIST of PHILIPPINES,3 FPJ PANDAY BAYANIHAN,0,0.0
87010013,"BARMM, MAGUINDANAO DEL NORTE, BARIRA, GADUNG",BRGY. GADUNG,national,PARTY LIST of PHILIPPINES,4 KABATAAN,0,0.0
87010013,"BARMM, MAGUINDANAO DEL NORTE, BARIRA, GADUNG",BRGY. GADUNG,national,PARTY LIST of PHILIPPINES,5 DUTERTE YOUTH,9,1.19
87010013,"BARMM, MAGUINDANAO DEL NORTE, BARIRA, GADUNG",BRGY. GADUNG,national,PARTY LIST of PHILIPPINES,6 ML,0,0.0
87010013,"BARMM, MAGUINDANAO DEL NORTE, BARIRA, GADUNG",BRGY. GADUNG,national,PARTY LIST of PHILIPPINES,7 PBBM,0,0.0
87010013,"BARMM, MAGUINDANAO DEL NORTE, BARIRA, GADUNG",BRGY. GADUNG,national,PARTY LIST of PHILIPPINES,8 P3PWD,0,0.0
87010013,"BARMM, MAGUINDANAO DEL NORTE, BARIRA, GADUNG",BRGY. GADUNG,national,PARTY LIST of PHILIPPINES,9 MURANG KURYENTE,0,0.0
87010013,"BARMM, MAGUINDANAO DEL NORTE, BARIRA, GADUNG",BRGY. GADUNG,national,PARTY LIST of PHILIPPINES,10 BICOL SARO,0,0.0
87010013,"BARMM, MAGUINDANAO DEL NORTE, BARIRA, GADUNG",BRGY. GADUNG,national,PARTY LIST of PHILIPPINES,11 IPATUPAD,0,0.0
87010013,"BARMM, MAGUINDANAO DEL NORTE, BARIRA, GADUNG",BRGY. GADUNG,national,PARTY LIST of PHILIPPINES,12 PATROL,0,0.0
87010013,"BARMM, MAGUINDANAO DEL NORTE, BARIRA, GADUNG",BRGY. GADUNG,national,PARTY LIST of PHILIPPINES,13 JUAN PINOY,0,0.0
87010013,"BARMM, MAGUINDANAO DEL NORTE, BARIRA, GADUNG",BRGY. GADUNG,national,PARTY LIST of PHILIPPINES,14 ARTE,0,0.0
87010013,"BARMM, MAGUINDANAO DEL NORTE, BARIRA, GADUNG",BRGY. GADUNG,national,PARTY LIST of PHILIPPINES,15 WIFI,0,0.0
87010013,"BARMM, MAGUINDANAO DEL NORTE, BARIRA, GADUNG",BRGY. GADUNG,national,PARTY LIST of PHILIPPINES,16 MAAGAP,0,0.0
87010013,"BARMM, MAGUINDANAO DEL NORTE, BARIRA, GADUNG",BRGY. GADUNG,national,PARTY LIST of PHILIPPINES,17 UNITED SENIOR CITIZENS,0,0.0
87010013,"BARMM, MAGUINDANAO DEL NORTE, BARIRA, GADUNG",BRGY. GADUNG,national,PARTY LIST of PHILIPPINES,18 EPANAW SAMBAYANAN,0,0.0
87010013,"BARMM, MAGUINDANAO DEL NORTE, BARIRA, GADUNG",BRGY. GADUNG,national,PARTY LIST of PHILIPPINES,19 AKO PADAYON,0,0.0
87010013,"BARMM, MAGUINDANAO DEL NORTE, BARIRA, GADUNG",BRGY. GADUNG,national,PARTY LIST of PHILIPPINES,20 TUCP,0,0.0
87010013,"BARMM, MAGUINDANAO DEL NORTE, BARIRA, GADUNG",BRGY. GADUNG,national,PARTY LIST of PHILIPPINES,21 ACT TEACHERS,0,0.0
87010013,"BARMM, MAGUINDANAO DEL NORTE, BARIRA, GADUNG",BRGY. GADUNG,national,PARTY LIST of PHILIPPINES,22 1PACMAN,0,0.0
87010013,"BARMM, MAGUINDANAO DEL NORTE, BARIRA, GADUNG",BRGY. GADUNG,national,PARTY LIST of PHILIPPINES,23 TGP,0,0.0
87010013,"BARMM, MAGUINDANAO DEL NORTE, BARIRA, GADUNG",BRGY. GADUNG,national,PARTY LIST of PHILIPPINES,24 DUMPER PTDA,0,0.0
87010013,"BARMM, MAGUINDANAO DEL NORTE, BARIRA, GADUNG",BRGY. GADUNG,national,PARTY LIST of PHILIPPINES,25 ANAKALUSUGAN,0,0.0
87010013,"BARMM, MAGUINDANAO DEL NORTE, BARIRA, GADUNG",BRGY. GADUNG,national,PARTY LIST of PHILIPPINES,26 AKSYON DAPAT,0,0.0
87010013,"BARMM, MAGUINDANAO DEL NORTE, BARIRA, GADUNG",BRGY. GADUNG,national,PARTY LIST of PHILIPPINES,27 BHW,0,0.0
87010013,"BARMM, MAGUINDANAO DEL NORTE, BARIRA, GADUNG",BRGY. GADUNG,national,PARTY LIST of PHILIPPINES,28 SULONG DIGNIDAD,0,0.0
87010013,"BARMM, MAGUINDANAO DEL NORTE, BARIRA, GADUNG",BRGY. GADUNG,national,PARTY LIST of PHILIPPINES,29 BATANG QUIAPO,0,0.0
87010013,"BARMM, MAGUINDANAO DEL NORTE, BARIRA, GADUNG",BRGY. GADUNG,national,PARTY LIST of PHILIPPINES,30 PBA,0,0.0
87010013,"BARMM, MAGUINDANAO DEL NORTE, BARIRA, GADUNG",BRGY. GADUNG,national,PARTY LIST of PHILIPPINES,31 GILAS,0,0.0
87010013,"BARMM, MAGUINDANAO DEL NORTE, BARIRA, GADUNG",BRGY. GADUNG,national,PARTY LIST of PHILIPPINES,32 AKO ILOCANO AKO,0,0.0
87010013,"BARMM, MAGUINDANAO DEL NORTE, BARIRA, GADUNG",BRGY. GADUNG,national,PARTY LIST of PHILIPPINES,33 PAMILYANG MAGSASAKA,0,0.0
87010013,"BARMM, MAGUINDANAO DEL NORTE, BARIRA, GADUNG",BRGY. GADUNG,national,PARTY LIST of PHILIPPINES,34 CLICK PARTY,0,0.0
87010013,"BARMM, MAGUINDANAO DEL NORTE, BARIRA, GADUNG",BRGY. GADUNG,national,PARTY LIST of PHILIPPINES,35 ABANTE BISDAK,0,0.0
87010013,"BARMM, MAGUINDANAO DEL NORTE, BARIRA, GADUNG",BRGY. GADUNG,national,PARTY LIST of PHILIPPINES,36 MANILA TEACHERS,0,0.0
87010013,"BARMM, MAGUINDANAO DEL NORTE, BARIRA, GADUNG",BRGY. GADUNG,national,PARTY LIST of PHILIPPINES,37 PAMANA,0,0.0
87010013,"BARMM, MAGUINDANAO DEL NORTE, BARIRA, GADUNG",BRGY. GADUNG,national,PARTY LIST of PHILIPPINES,38 NANAY,0,0.0
87010013,"BARMM, MAGUINDANAO DEL NORTE, BARIRA, GADUNG",BRGY. GADUNG,national,PARTY LIST of PHILIPPINES,39 KM NGAYON NA,0,0.0
87010013,"BARMM, MAGUINDANAO DEL NORTE, BARIRA, GADUNG",BRGY. GADUNG,national,PARTY LIST of PHILIPPINES,40 BABAE AKO,0,0.0
87010013,"BARMM, MAGUINDANAO DEL NORTE, BARIRA, GADUNG",BRGY. GADUNG,national,PARTY LIST of PHILIPPINES,41 ARISE,0,0.0
87010013,"BARMM, MAGUINDANAO DEL NORTE, BARIRA, GADUNG",BRGY. GADUNG,national,PARTY LIST of PHILIPPINES,42 MAGDALO,0,0.0
87010013,"BARMM, MAGUINDANAO DEL NORTE, BARIRA, GADUNG",BRGY. GADUNG,national,PARTY LIST of PHILIPPINES,43 APEC,0,0.0
87010013,"BARMM, MAGUINDANAO DEL NORTE, BARIRA, GADUNG",BRGY. GADUNG,national,PARTY LIST of PHILIPPINES,44 MAGBUBUKID,4,0.53
87010013,"BARMM, MAGUINDANAO DEL NORTE, BARIRA, GADUNG",BRGY. GADUNG,national,PARTY LIST of PHILIPPINES,45 SSS-GSIS PENSYONADO,0,0.0
87010013,"BARMM, MAGUINDANAO DEL NORTE, BARIRA, GADUNG",BRGY. GADUNG,national,PARTY LIST of PHILIPPINES,46 GABRIELA,0,0.0
87010013,"BARMM, MAGUINDANAO DEL NORTE, BARIRA, GADUNG",BRGY. GADUNG,national,PARTY LIST of PHILIPPINES,47 TINGOG,1,0.13
87010013,"BARMM, MAGUINDANAO DEL NORTE, BARIRA, GADUNG",BRGY. GADUNG,national,PARTY LIST of PHILIPPINES,48 APAT-DAPAT,0,0.0
87010013,"BARMM, MAGUINDANAO DEL NORTE, BARIRA, GADUNG",BRGY. GADUNG,national,PARTY LIST of PHILIPPINES,49 AHON MAHIRAP,0,0.0
87010013,"BARMM, MAGUINDANAO DEL NORTE, BARIRA, GADUNG",BRGY. GADUNG,national,PARTY LIST of PHILIPPINES,50 UGB,0,0.0
87010013,"BARMM, MAGUINDANAO DEL NORTE, BARIRA, GADUNG",BRGY. GADUNG,national,PARTY LIST of PHILIPPINES,51 AKBAYAN,0,0.0
87010013,"BARMM, MAGUINDANAO DEL NORTE, BARIRA, GADUNG",BRGY. GADUNG,national,PARTY LIST of PHILIPPINES,52 AGIMAT,0,0.0
87010013,"BARMM, MAGUINDANAO DEL NORTE, BARIRA, GADUNG",BRGY. GADUNG,national,PARTY LIST of PHILIPPINES,53 PHILRECA,1,0.13
87010013,"BARMM, MAGUINDANAO DEL NORTE, BARIRA, GADUNG",BRGY. GADUNG,national,PARTY LIST of PHILIPPINES,54 KAPUSO PM,425,56.37
87010013,"BARMM, MAGUINDANAO DEL NORTE, BARIRA, GADUNG",BRGY. GADUNG,national,PARTY LIST of PHILIPPINES,55 ILOCANO DEFENDERS,0,0.0
87010013,"BARMM, MAGUINDANAO DEL NORTE, BARIRA, GADUNG",BRGY. GADUNG,national,PARTY LIST of PHILIPPINES,56 1-RIDER PARTY-LIST,0,0.0
87010013,"BARMM, MAGUINDANAO DEL NORTE, BARIRA, GADUNG",BRGY. GADUNG,national,PARTY LIST of PHILIPPINES,57 TICTOK,0,0.0
87010013,"BARMM, MAGUINDANAO DEL NORTE, BARIRA, GADUNG",BRGY. GADUNG,national,PARTY LIST of PHILIPPINES,59 BAYAN MUNA,0,0.0
87010013,"BARMM, MAGUINDANAO DEL NORTE, BARIRA, GADUNG",BRGY. GADUNG,national,PARTY LIST of PHILIPPINES,60 ANG PROBINSIYANO,0,0.0
87010013,"BARMM, MAGUINDANAO DEL NORTE, BARIRA, GADUNG",BRGY. GADUNG,national,PARTY LIST of PHILIPPINES,61 BANAT,2,0.27
87010013,"BARMM, MAGUINDANAO DEL NORTE, BARIRA, GADUNG",BRGY. GADUNG,national,PARTY LIST of PHILIPPINES,62 SBP,0,0.0
87010013,"BARMM, MAGUINDANAO DEL NORTE, BARIRA, GADUNG",BRGY. GADUNG,national,PARTY LIST of PHILIPPINES,63 BUHAY,0,0.0
87010013,"BARMM, MAGUINDANAO DEL NORTE, BARIRA, GADUNG",BRGY. GADUNG,national,PARTY LIST of PHILIPPINES,64 TULUNGAN TAYO,0,0.0
87010013,"BARMM, MAGUINDANAO DEL NORTE, BARIRA, GADUNG",BRGY. GADUNG,national,PARTY LIST of PHILIPPINES,65 SAGIP,0,0.0
87010013,"BARMM, MAGUINDANAO DEL NORTE, BARIRA, GADUNG",BRGY. GADUNG,national,PARTY LIST of PHILIPPINES,66 BTS BAYANING TSUPER,0,0.0
87010013,"BARMM, MAGUINDANAO DEL NORTE, BARIRA, GADUNG",BRGY. GADUNG,national,PARTY LIST of PHILIPPINES,67 VENDORS,0,0.0
87010013,"BARMM, MAGUINDANAO DEL NORTE, BARIRA, GADUNG",BRGY. GADUNG,national,PARTY LIST of PHILIPPINES,68 ACT-CIS,0,0.0
87010013,"BARMM, MAGUINDANAO DEL NORTE, BARIRA, GADUNG",BRGY. GADUNG,national,PARTY LIST of PHILIPPINES,69 AKTIBONG KAAGAPAY,0,0.0
87010013,"BARMM, MAGUINDANAO DEL NORTE, BARIRA, GADUNG",BRGY. GADUNG,national,PARTY LIST of PHILIPPINES,70 ASENSO PINOY,0,0.0
87010013,"BARMM, MAGUINDANAO DEL NORTE, BARIRA, GADUNG",BRGY. GADUNG,national,PARTY LIST of PHILIPPINES,71 SOLO PARENTS,0,0.0
87010013,"BARMM, MAGUINDANAO DEL NORTE, BARIRA, GADUNG",BRGY. GADUNG,national,PARTY LIST of PHILIPPINES,72 ANG KOMADRONA,0,0.0
87010013,"BARMM, MAGUINDANAO DEL NORTE, BARIRA, GADUNG",BRGY. GADUNG,national,PARTY LIST of PHILIPPINES,73 PROMDI,0,0.0
87010013,"BARMM, MAGUINDANAO DEL NORTE, BARIRA, GADUNG",BRGY. GADUNG,national,PARTY LIST of PHILIPPINES,74 PUSONG PINOY,0,0.0
87010013,"BARMM, MAGUINDANAO DEL NORTE, BARIRA, GADUNG",BRGY. GADUNG,national,PARTY LIST of PHILIPPINES,75 KUSUG TAUSUG,0,0.0
87010013,"BARMM, MAGUINDANAO DEL NORTE, BARIRA, GADUNG",BRGY. GADUNG,national,PARTY LIST of PHILIPPINES,76 DAMAYANG FILIPINO,0,0.0
87010013,"BARMM, MAGUINDANAO DEL NORTE, BARIRA, GADUNG",BRGY. GADUNG,national,PARTY LIST of PHILIPPINES,77 MPBL,0,0.0
87010013,"BARMM, MAGUINDANAO DEL NORTE, BARIRA, GADUNG",BRGY. GADUNG,national,PARTY LIST of PHILIPPINES,78 ANGAT,0,0.0
87010013,"BARMM, MAGUINDANAO DEL NORTE, BARIRA, GADUNG",BRGY. GADUNG,national,PARTY LIST of PHILIPPINES,79 KALINGA,0,0.0
87010013,"BARMM, MAGUINDANAO DEL NORTE, BARIRA, GADUNG",BRGY. GADUNG,national,PARTY LIST of PHILIPPINES,80 BOSES PARTY-LIST,0,0.0
87010013,"BARMM, MAGUINDANAO DEL NORTE, BARIRA, GADUNG",BRGY. GADUNG,national,PARTY LIST of PHILIPPINES,81 ARANGKADA PILIPINO,194,25.73
87010013,"BARMM, MAGUINDANAO DEL NORTE, BARIRA, GADUNG",BRGY. GADUNG,national,PARTY LIST of PHILIPPINES,82 AANGAT TAYO,1,0.13
87010013,"BARMM, MAGUINDANAO DEL NORTE, BARIRA, GADUNG",BRGY. GADUNG,national,PARTY LIST of PHILIPPINES,83 OFW,0,0.0
87010013,"BARMM, MAGUINDANAO DEL NORTE, BARIRA, GADUNG",BRGY. GADUNG,national,PARTY LIST of PHILIPPINES,84 BIDA KATAGUMPAY,0,0.0
87010013,"BARMM, MAGUINDANAO DEL NORTE, BARIRA, GADUNG",BRGY. GADUNG,national,PARTY LIST of PHILIPPINES,85 KAMANGGAGAWA,0,0.0
87010013,"BARMM, MAGUINDANAO DEL NORTE, BARIRA, GADUNG",BRGY. GADUNG,national,PARTY LIST of PHILIPPINES,86 BFF,0,0.0
87010013,"BARMM, MAGUINDANAO DEL NORTE, BARIRA, GADUNG",BRGY. GADUNG,national,PARTY LIST of PHILIPPINES,87 BUNYOG,0,0.0
87010013,"BARMM, MAGUINDANAO DEL NORTE, BARIRA, GADUNG",BRGY. GADUNG,national,PARTY LIST of PHILIPPINES,88 AGRI,0,0.0
87010013,"BARMM, MAGUINDANAO DEL NORTE, BARIRA, GADUNG",BRGY. GADUNG,national,PARTY LIST of PHILIPPINES,89 SENIOR CITIZENS,1,0.13
87010013,"BARMM, MAGUINDANAO DEL NORTE, BARIRA, GADUNG",BRGY. GADUNG,national,PARTY LIST of PHILIPPINES,90 4K,0,0.0
87010013,"BARMM, MAGUINDANAO DEL NORTE, BARIRA, GADUNG",BRGY. GADUNG,national,PARTY LIST of PHILIPPINES,91 PBP,0,0.0
87010013,"BARMM, MAGUINDANAO DEL NORTE, BARIRA, GADUNG",BRGY. GADUNG,national,PARTY LIST of PHILIPPINES,92 ONE COOP,0,0.0
87010013,"BARMM, MAGUINDANAO DEL NORTE, BARIRA, GADUNG",BRGY. GADUNG,national,PARTY LIST of PHILIPPINES,93 CIBAC,0,0.0
87010013,"BARMM, MAGUINDANAO DEL NORTE, BARIRA, GADUNG",BRGY. GADUNG,national,PARTY LIST of PHILIPPINES,94 BH - BAGONG HENERASYON,0,0.0
87010013,"BARMM, MAGUINDANAO DEL NORTE, BARIRA, GADUNG",BRGY. GADUNG,national,PARTY LIST of PHILIPPINES,95 1AGILA,0,0.0
87010013,"BARMM, MAGUINDANAO DEL NORTE, BARIRA, GADUNG",BRGY. GADUNG,national,PARTY LIST of PHILIPPINES,96 EDUAKSYON,0,0.0
87010013,"BARMM, MAGUINDANAO DEL NORTE, BARIRA, GADUNG",BRGY. GADUNG,national,PARTY LIST of PHILIPPINES,97 ANG TINIG NG SENIORS,0,0.0
87010013,"BARMM, MAGUINDANAO DEL NORTE, BARIRA, GADUNG",BRGY. GADUNG,national,PARTY LIST of PHILIPPINES,98 BG PARTY-LIST,0,0.0
87010013,"BARMM, MAGUINDANAO DEL NORTE, BARIRA, GADUNG",BRGY. GADUNG,national,PARTY LIST of PHILIPPINES,99 PINOY AKO,0,0.0
87010013,"BARMM, MAGUINDANAO DEL NORTE, BARIRA, GADUNG",BRGY. GADUNG,national,PARTY LIST of PHILIPPINES,100 H.E.L.P. PILIPINAS,0,0.0
87010013,"BARMM, MAGUINDANAO DEL NORTE, BARIRA, GADUNG",BRGY. GADUNG,national,PARTY LIST of PHILIPPINES,101 HEALTH WORKERS,0,0.0
87010013,"BARMM, MAGUINDANAO DEL NORTE, BARIRA, GADUNG",BRGY. GADUNG,national,PARTY LIST of PHILIPPINES,102 PEOPLE'S CHAMP,0,0.0
87010013,"BARMM, MAGUINDANAO DEL NORTE, BARIRA, GADUNG",BRGY. GADUNG,national,PARTY LIST of PHILIPPINES,103 AA-KASOSYO PARTY,0,0.0
87010013,"BARMM, MAGUINDANAO DEL NORTE, BARIRA, GADUNG",BRGY. GADUNG,national,PARTY LIST of PHILIPPINES,104 SOLID NORTH PARTY,0,0.0
87010013,"BARMM, MAGUINDANAO DEL NORTE, BARIRA, GADUNG",BRGY. GADUNG,national,PARTY LIST of PHILIPPINES,105 ABAMIN,0,0.0
87010013,"BARMM, MAGUINDANAO DEL NORTE, BARIRA, GADUNG",BRGY. GADUNG,national,PARTY LIST of PHILIPPINES,106 TRABAHO,0,0.0
87010013,"BARMM, MAGUINDANAO DEL NORTE, BARIRA, GADUNG",BRGY. GADUNG,national,PARTY LIST of PHILIPPINES,107 ANGKASANGGA,0,0.0
87010013,"BARMM, MAGUINDANAO DEL NORTE, BARIRA, GADUNG",BRGY. GADUNG,national,PARTY LIST of PHILIPPINES,108 TODA AKSYON,0,0.0
87010013,"BARMM, MAGUINDANAO DEL NORTE, BARIRA, GADUNG",BRGY. GADUNG,national,PARTY LIST of PHILIPPINES,109 TURISMO,0,0.0
87010013,"BARMM, MAGUINDANAO DEL NORTE, BARIRA, GADUNG",BRGY. GADUNG,national,PARTY LIST of PHILIPPINES,110 ABONO,0,0.0
87010013,"BARMM, MAGUINDANAO DEL NORTE, BARIRA, GADUNG",BRGY. GADUNG,national,PARTY LIST of PHILIPPINES,111 ASAP NA,0,0.0
87010013,"BARMM, MAGUINDANAO DEL NORTE, BARIRA, GADUNG",BRGY. GADUNG,national,PARTY LIST of PHILIPPINES,112 LINGAP,0,0.0
87010013,"BARMM, MAGUINDANAO DEL NORTE, BARIRA, GADUNG",BRGY. GADUNG,national,PARTY LIST of PHILIPPINES,113 UNITED FRONTLINERS,0,0.0
87010013,"BARMM, MAGUINDANAO DEL NORTE, BARIRA, GADUNG",BRGY. GADUNG,national,PARTY LIST of PHILIPPINES,114 KASAMBAHAY,0,0.0
87010013,"BARMM, MAGUINDANAO DEL NORTE, BARIRA, GADUNG",BRGY. GADUNG,national,PARTY LIST of PHILIPPINES,115 TUTOK TO WIN,0,0.0
87010013,"BARMM, MAGUINDANAO DEL NORTE, BARIRA, GADUNG",BRGY. GADUNG,national,PARTY LIST of PHILIPPINES,116 AKO OFW,0,0.0
87010013,"BARMM, MAGUINDANAO DEL NORTE, BARIRA, GADUNG",BRGY. GADUNG,national,PARTY LIST of PHILIPPINES,117 AGAP,0,0.0
87010013,"BARMM, MAGUINDANAO DEL NORTE, BARIRA, GADUNG",BRGY. GADUNG,national,PARTY LIST of PHILIPPINES,118 1TAHANAN,0,0.0
87010013,"BARMM, MAGUINDANAO DEL NORTE, BARIRA, GADUNG",BRGY. GADUNG,national,PARTY LIST of PHILIPPINES,119 COOP-NATCCO,0,0.0
87010013,"BARMM, MAGUINDANAO DEL NORTE, BARIRA, GADUNG",BRGY. GADUNG,national,PARTY LIST of PHILIPPINES,120 KABAYAN,0,0.0
87010013,"BARMM, MAGUINDANAO DEL NORTE, BARIRA, GADUNG",BRGY. GADUNG,national,PARTY LIST of PHILIPPINES,121 1MUNTI,0,0.0
87010013,"BARMM, MAGUINDANAO DEL NORTE, BARIRA, GADUNG",BRGY. GADUNG,national,PARTY LIST of PHILIPPINES,122 PINOY WORKERS,0,0.0
87010013,"BARMM, MAGUINDANAO DEL NORTE, BARIRA, GADUNG",BRGY. GADUNG,national,PARTY LIST of PHILIPPINES,123 API PARTY,0,0.0
87010013,"BARMM, MAGUINDANAO DEL NORTE, BARIRA, GADUNG",BRGY. GADUNG,national,PARTY LIST of PHILIPPINES,124 AKO BISAYA,0,0.0
87010013,"BARMM, MAGUINDANAO DEL NORTE, BARIRA, GADUNG",BRGY. GADUNG,national,PARTY LIST of PHILIPPINES,125 KAMALAYAN,1,0.13
87010013,"BARMM, MAGUINDANAO DEL NORTE, BARIRA, GADUNG",BRGY. GADUNG,national,PARTY LIST of PHILIPPINES,126 AKO TANOD,0,0.0
87010013,"BARMM, MAGUINDANAO DEL NORTE, BARIRA, GADUNG",BRGY. GADUNG,national,PARTY LIST of PHILIPPINES,127 PROBINSYANO AKO,0,0.0
87010013,"BARMM, MAGUINDANAO DEL NORTE, BARIRA, GADUNG",BRGY. GADUNG,national,PARTY LIST of PHILIPPINES,128 KABABAIHAN,0,0.0
87010013,"BARMM, MAGUINDANAO DEL NORTE, BARIRA, GADUNG",BRGY. GADUNG,national,PARTY LIST of PHILIPPINES,129 RAM,0,0.0
87010013,"BARMM, MAGUINDANAO DEL NORTE, BARIRA, GADUNG",BRGY. GADUNG,national,PARTY LIST of PHILIPPINES,130 ALONA,0,0.0
87010013,"BARMM, MAGUINDANAO DEL NORTE, BARIRA, GADUNG",BRGY. GADUNG,national,PARTY LIST of PHILIPPINES,131 AKO BICOL,0,0.0
87010013,"BARMM, MAGUINDANAO DEL NORTE, BARIRA, GADUNG",BRGY. GADUNG,national,PARTY LIST of PHILIPPINES,132 GP (GALING SA PUSO),0,0.0
87010013,"BARMM, MAGUINDANAO DEL NORTE, BARIRA, GADUNG",BRGY. GADUNG,national,PARTY LIST of PHILIPPINES,133 KAUNLAD PINOY,0,0.0
87010013,"BARMM, MAGUINDANAO DEL NORTE, BARIRA, GADUNG",BRGY. GADUNG,national,PARTY LIST of PHILIPPINES,134 ABP,112,14.85
87010013,"BARMM, MAGUINDANAO DEL NORTE, BARIRA, GADUNG",BRGY. GADUNG,national,PARTY LIST of PHILIPPINES,135 CWS,0,0.0
87010013,"BARMM, MAGUINDANAO DEL NORTE, BARIRA, GADUNG",BRGY. GADUNG,national,PARTY LIST of PHILIPPINES,136 LPGMA,0,0.0
87010013,"BARMM, MAGUINDANAO DEL NORTE, BARIRA, GADUNG",BRGY. GADUNG,national,PARTY LIST of PHILIPPINES,137 A TEACHER,0,0.0
87010013,"BARMM, MAGUINDANAO DEL NORTE, BARIRA, GADUNG",BRGY. GADUNG,national,PARTY LIST of PHILIPPINES,138 SWERTE,0,0.0
87010013,"BARMM, MAGUINDANAO DEL NORTE, BARIRA, GADUNG",BRGY. GADUNG,national,PARTY LIST of PHILIPPINES,139 GABAY,0,0.0
87010013,"BARMM, MAGUINDANAO DEL NORTE, BARIRA, GADUNG",BRGY. GADUNG,national,PARTY LIST of PHILIPPINES,140 MALASAKIT@BAYANIHAN,2,0.27
87010013,"BARMM, MAGUINDANAO DEL NORTE, BARIRA, GADUNG",BRGY. GADUNG,national,PARTY LIST of PHILIPPINES,141 AKAY NI SOL,0,0.0
87010013,"BARMM, MAGUINDANAO DEL NORTE, BARIRA, GADUNG",BRGY. GADUNG,national,PARTY LIST of PHILIPPINES,142 LUNAS,0,0.0
87010013,"BARMM, MAGUINDANAO DEL NORTE, BARIRA, GADUNG",BRGY. GADUNG,national,PARTY LIST of PHILIPPINES,143 DIWA,0,0.0
87010013,"BARMM, MAGUINDANAO DEL NORTE, BARIRA, GADUNG",BRGY. GADUNG,national,PARTY LIST of PHILIPPINES,144 PINUNO,0,0.0
87010013,"BARMM, MAGUINDANAO DEL NORTE, BARIRA, GADUNG",BRGY. GADUNG,national,PARTY LIST of PHILIPPINES,145 PAMILYA MUNA,0,0.0
87010013,"BARMM, MAGUINDANAO DEL NORTE, BARIRA, GADUNG",BRGY. GADUNG,national,PARTY LIST of PHILIPPINES,146 BAGONG PILIPINAS,0,0.0
87010013,"BARMM, MAGUINDANAO DEL NORTE, BARIRA, GADUNG",BRGY. GADUNG,national,PARTY LIST of PHILIPPINES,147 HUGPONG FEDERAL,0,0.0
87010013,"BARMM, MAGUINDANAO DEL NORTE, BARIRA, GADUNG",BRGY. GADUNG,national,PARTY LIST of PHILIPPINES,148 TUPAD,0,0.0
87010013,"BARMM, MAGUINDANAO DEL NORTE, BARIRA, GADUNG",BRGY. GADUNG,national,PARTY LIST of PHILIPPINES,149 LAANG KAWAL,0,0.0
87010013,"BARMM, MAGUINDANAO DEL NORTE, BARIRA, GADUNG",BRGY. GADUNG,national,PARTY LIST of PHILIPPINES,150 PAMILYA KO,0,0.0
87010013,"BARMM, MAGUINDANAO DEL NORTE, BARIRA, GADUNG",BRGY. GADUNG,national,PARTY LIST of PHILIPPINES,151 BBM,0,0.0
87010013,"BARMM, MAGUINDANAO DEL NORTE, BARIRA, GADUNG",BRGY. GADUNG,national,PARTY LIST of PHILIPPINES,152 HEAL PH,0,0.0
87010013,"BARMM, MAGUINDANAO DEL NORTE, BARIRA, GADUNG",BRGY. GADUNG,national,PARTY LIST of PHILIPPINES,153 ABANG LINGKOD,0,0.0
87010013,"BARMM, MAGUINDANAO DEL NORTE, BARIRA, GADUNG",BRGY. GADUNG,national,PARTY LIST of PHILIPPINES,154 MAGSASAKA,0,0.0
87010013,"BARMM, MAGUINDANAO DEL NORTE, BARIRA, GADUNG",BRGY. GADUNG,national,PARTY LIST of PHILIPPINES,155 MAHARLIKA,0,0.0
87010013,"BARMM, MAGUINDANAO DEL NORTE, BARIRA, GADUNG",BRGY. GADUNG,national,PARTY LIST of PHILIPPINES,156 USWAG ILONGGO,0,0.0
87010013,"BARMM, MAGUINDANAO DEL NORTE, BARIRA, GADUNG",BRGY. GADUNG,local,"MEMBER, HOUSE OF REPRESENTATIVES of MAGUINDANAO DEL NORTE - LONE LEGDIST","1. GASCON, SITTIE MARIEFA (IND)",2,0.24
87010013,"BARMM, MAGUINDANAO DEL NORTE, BARIRA, GADUNG",BRGY. GADUNG,local,"MEMBER, HOUSE OF REPRESENTATIVES of MAGUINDANAO DEL NORTE - LONE LEGDIST","2. MASTURA, DIMPLE  (LAKAS)",612,72.77
87010013,"BARMM, MAGUINDANAO DEL NORTE, BARIRA, GADUNG",BRGY. GADUNG,local,"MEMBER, HOUSE OF REPRESENTATIVES of MAGUINDANAO DEL NORTE - LONE LEGDIST","3. SEMA, BAI SANDRA (UBJP)",227,26.99
87010013,"BARMM, MAGUINDANAO DEL NORTE, BARIRA, GADUNG",BRGY. GADUNG,local,PROVINCIAL GOVERNOR of MAGUINDANAO DEL NORTE,"1. MANGUDADATU, TENG (ITIHAD)",349,41.65
87010013,"BARMM, MAGUINDANAO DEL NORTE, BARIRA, GADUNG",BRGY. GADUNG,local,PROVINCIAL GOVERNOR of MAGUINDANAO DEL NORTE,"2. MASTURA, DATU TUCAO (PFP)",489,58.35
87010013,"BARMM, MAGUINDANAO DEL NORTE, BARIRA, GADUNG",BRGY. GADUNG,local,PROVINCIAL VICE-GOVERNOR of MAGUINDANAO DEL NORTE,"1. SINSUAT, BAI AINEE (PFP)",351,41.94
87010013,"BARMM, MAGUINDANAO DEL NORTE, BARIRA, GADUNG",BRGY. GADUNG,local,PROVINCIAL VICE-GOVERNOR of MAGUINDANAO DEL NORTE,"2. SINSUAT, MARSHALL (UBJP)",486,58.06
87010013,"BARMM, MAGUINDANAO DEL NORTE, BARIRA, GADUNG",BRGY. GADUNG,local,"MEMBER, SANGGUNIANG PANLALAWIGAN of MAGUINDANAO DEL NORTE - FIRST PROVDIST","1. AMPATUAN, SORAIDA (ITIHAD)",168,6.09
87010013,"BARMM, MAGUINDANAO DEL NORTE, BARIRA, GADUNG",BRGY. GADUNG,local,"MEMBER, SANGGUNIANG PANLALAWIGAN of MAGUINDANAO DEL NORTE - FIRST PROVDIST","2. BIRUAR, MASHUR (PFP)",17,0.62
87010013,"BARMM, MAGUINDANAO DEL NORTE, BARIRA, GADUNG",BRGY. GADUNG,local,"MEMBER, SANGGUNIANG PANLALAWIGAN of MAGUINDANAO DEL NORTE - FIRST PROVDIST","3. DAGALANGIT, BOCARI (PFP)",440,15.96
87010013,"BARMM, MAGUINDANAO DEL NORTE, BARIRA, GADUNG",BRGY. GADUNG,local,"MEMBER, SANGGUNIANG PANLALAWIGAN of MAGUINDANAO DEL NORTE - FIRST PROVDIST","4. ESMAEL, DODONG (PDPLBN)",3,0.11
87010013,"BARMM, MAGUINDANAO DEL NORTE, BARIRA, GADUNG",BRGY. GADUNG,local,"MEMBER, SANGGUNIANG PANLALAWIGAN of MAGUINDANAO DEL NORTE - FIRST PROVDIST","5. GUMANDER, YACOB (IND)",26,0.94
87010013,"BARMM, MAGUINDANAO DEL NORTE, BARIRA, GADUNG",BRGY. GADUNG,local,"MEMBER, SANGGUNIANG PANLALAWIGAN of MAGUINDANAO DEL NORTE - FIRST PROVDIST","6. IBAY, SOWAIB (LAKAS)",594,21.55
87010013,"BARMM, MAGUINDANAO DEL NORTE, BARIRA, GADUNG",BRGY. GADUNG,local,"MEMBER, SANGGUNIANG PANLALAWIGAN of MAGUINDANAO DEL NORTE - FIRST PROVDIST","7. IMAM, DATU NASHEDDEN (IND)",220,7.98
87010013,"BARMM, MAGUINDANAO DEL NORTE, BARIRA, GADUNG",BRGY. GADUNG,local,"MEMBER, SANGGUNIANG PANLALAWIGAN of MAGUINDANAO DEL NORTE - FIRST PROVDIST","8. LIDASAN, ARMANDO (ITIHAD)",232,8.41
87010013,"BARMM, MAGUINDANAO DEL NORTE, BARIRA, GADUNG",BRGY. GADUNG,local,"MEMBER, SANGGUNIANG PANLALAWIGAN of MAGUINDANAO DEL NORTE - FIRST PROVDIST","9. MACACUA, JAMEL (PFP)",3,0.11
87010013,"BARMM, MAGUINDANAO DEL NORTE, BARIRA, GADUNG",BRGY. GADUNG,local,"MEMBER, SANGGUNIANG PANLALAWIGAN of MAGUINDANAO DEL NORTE - FIRST PROVDIST","10. MANALAO, ABDUL MOAMAR (PFP)",280,10.16
87010013,"BARMM, MAGUINDANAO DEL NORTE, BARIRA, GADUNG",BRGY. GADUNG,local,"MEMBER, SANGGUNIANG PANLALAWIGAN of MAGUINDANAO DEL NORTE - FIRST PROVDIST","11. PANGA, DARWIN (PFP)",16,0.58
87010013,"BARMM, MAGUINDANAO DEL NORTE, BARIRA, GADUNG",BRGY. GADUNG,local,"MEMBER, SANGGUNIANG PANLALAWIGAN of MAGUINDANAO DEL NORTE - FIRST PROVDIST","12. SIGAYAN, ZENAIDA (IND)",0,0.0
87010013,"BARMM, MAGUINDANAO DEL NORTE, BARIRA, GADUNG",BRGY. GADUNG,local,"MEMBER, SANGGUNIANG PANLALAWIGAN of MAGUINDANAO DEL NORTE - FIRST PROVDIST","13. TOMAWIS, ALEXA ASHLEY (UBJP)",483,17.52
87010013,"BARMM, MAGUINDANAO DEL NORTE, BARIRA, GADUNG",BRGY. GADUNG,local,"MEMBER, SANGGUNIANG PANLALAWIGAN of MAGUINDANAO DEL NORTE - FIRST PROVDIST","14. TOMAWIS, MICHAEL (ITIHAD)",273,9.9
87010013,"BARMM, MAGUINDANAO DEL NORTE, BARIRA, GADUNG",BRGY. GADUNG,local,"MEMBER, SANGGUNIANG PANLALAWIGAN of MAGUINDANAO DEL NORTE - FIRST PROVDIST","15. TUMBAS, JULHANI JR. (IND)",2,0.07
87010013,"BARMM, MAGUINDANAO DEL NORTE, BARIRA, GADUNG",BRGY. GADUNG,local,MAYOR of MAGUINDANAO DEL NORTE - BARIRA,"1. TOMAWIS, ABDUL RAUF (UBJP)",478,58.87
87010013,"BARMM, MAGUINDANAO DEL NORTE, BARIRA, GADUNG",BRGY. GADUNG,local,MAYOR of MAGUINDANAO DEL NORTE - BARIRA,"2. TOMAWIS, ABDULRADZAK (LAKAS)",0,0.0
87010013,"BARMM, MAGUINDANAO DEL NORTE, BARIRA, GADUNG",BRGY. GADUNG,local,MAYOR of MAGUINDANAO DEL NORTE - BARIRA,"3. TOMAWIS, PAUL JOHN (ITIHAD)",334,41.13
87010013,"BARMM, MAGUINDANAO DEL NORTE, BARIRA, GADUNG",BRGY. GADUNG,local,VICE-MAYOR of MAGUINDANAO DEL NORTE - BARIRA,"1. DAGALANGIT, BAHRAIN (UBJP)",479,58.77
87010013,"BARMM, MAGUINDANAO DEL NORTE, BARIRA, GADUNG",BRGY. GADUNG,local,VICE-MAYOR of MAGUINDANAO DEL NORTE - BARIRA,"2. TOMAWIS, MORIDOM (ITIHAD)",336,41.23
87010013,"BARMM, MAGUINDANAO DEL NORTE, BARIRA, GADUNG",BRGY. GADUNG,local,"MEMBER, SANGGUNIANG BAYAN of MAGUINDANAO DEL NORTE - BARIRA - LONE DIST","1. ABDULSALAM, RUSTOM (LAKAS)",234,3.78
87010013,"BARMM, MAGUINDANAO DEL NORTE, BARIRA, GADUNG",BRGY. GADUNG,local,"MEMBER, SANGGUNIANG BAYAN of MAGUINDANAO DEL NORTE - BARIRA - LONE DIST","2. ALO, BISITY (ITIHAD)",40,0.65
87010013,"BARMM, MAGUINDANAO DEL NORTE, BARIRA, GADUNG",BRGY. GADUNG,local,"MEMBER, SANGGUNIANG BAYAN of MAGUINDANAO DEL NORTE - BARIRA - LONE DIST","3. AMATONDING, MAHADI (UBJP)",532,8.6
87010013,"BARMM, MAGUINDANAO DEL NORTE, BARIRA, GADUNG",BRGY. GADUNG,local,"MEMBER, SANGGUNIANG BAYAN of MAGUINDANAO DEL NORTE - BARIRA - LONE DIST","4. BASAGAN, ESMAEL (IND)",37,0.6
87010013,"BARMM, MAGUINDANAO DEL NORTE, BARIRA, GADUNG",BRGY. GADUNG,local,"MEMBER, SANGGUNIANG BAYAN of MAGUINDANAO DEL NORTE - BARIRA - LONE DIST","5. BRIE, RASID (UBJP)",22,0.36
87010013,"BARMM, MAGUINDANAO DEL NORTE, BARIRA, GADUNG",BRGY. GADUNG,local,"MEMBER, SANGGUNIANG BAYAN of MAGUINDANAO DEL NORTE - BARIRA - LONE DIST","6. CABUNTO, SAMRA (PDSP)",0,0.0
87010013,"BARMM, MAGUINDANAO DEL NORTE, BARIRA, GADUNG",BRGY. GADUNG,local,"MEMBER, SANGGUNIANG BAYAN of MAGUINDANAO DEL NORTE - BARIRA - LONE DIST","7. DAGALANGIT, SAID-ALI (IND)",27,0.44
87010013,"BARMM, MAGUINDANAO DEL NORTE, BARIRA, GADUNG",BRGY. GADUNG,local,"MEMBER, SANGGUNIANG BAYAN of MAGUINDANAO DEL NORTE - BARIRA - LONE DIST","8. DAGALANGIT, TAHIR (LAKAS)",26,0.42
87010013,"BARMM, MAGUINDANAO DEL NORTE, BARIRA, GADUNG",BRGY. GADUNG,local,"MEMBER, SANGGUNIANG BAYAN of MAGUINDANAO DEL NORTE - BARIRA - LONE DIST","9. DALAO, BASMAN (IND)",4,0.06
87010013,"BARMM, MAGUINDANAO DEL NORTE, BARIRA, GADUNG",BRGY. GADUNG,local,"MEMBER, SANGGUNIANG BAYAN of MAGUINDANAO DEL NORTE - BARIRA - LONE DIST","10. DARABA, TALHA (IND)",391,6.32
87010013,"BARMM, MAGUINDANAO DEL NORTE, BARIRA, GADUNG",BRGY. GADUNG,local,"MEMBER, SANGGUNIANG BAYAN of MAGUINDANAO DEL NORTE - BARIRA - LONE DIST","11. DIMARAW, EDRIS (PDSP)",228,3.68
87010013,"BARMM, MAGUINDANAO DEL NORTE, BARIRA, GADUNG",BRGY. GADUNG,local,"MEMBER, SANGGUNIANG BAYAN of MAGUINDANAO DEL NORTE - BARIRA - LONE DIST","12. DIMASANGKAY, KHALID (UBJP)",82,1.33
87010013,"BARMM, MAGUINDANAO DEL NORTE, BARIRA, GADUNG",BRGY. GADUNG,local,"MEMBER, SANGGUNIANG BAYAN of MAGUINDANAO DEL NORTE - BARIRA - LONE DIST","13. HADJIRACMAN, RAJIB (UBJP)",78,1.26
87010013,"BARMM, MAGUINDANAO DEL NORTE, BARIRA, GADUNG",BRGY. GADUNG,local,"MEMBER, SANGGUNIANG BAYAN of MAGUINDANAO DEL NORTE - BARIRA - LONE DIST","14. MACARAMBON, ROMIA (IND)",134,2.17
87010013,"BARMM, MAGUINDANAO DEL NORTE, BARIRA, GADUNG",BRGY. GADUNG,local,"MEMBER, SANGGUNIANG BAYAN of MAGUINDANAO DEL NORTE - BARIRA - LONE DIST","15. MACARIMBANG, REZA (LAKAS)",570,9.21
87010013,"BARMM, MAGUINDANAO DEL NORTE, BARIRA, GADUNG",BRGY. GADUNG,local,"MEMBER, SANGGUNIANG BAYAN of MAGUINDANAO DEL NORTE - BARIRA - LONE DIST","16. MACASI, RACMAN (IND)",383,6.19
87010013,"BARMM, MAGUINDANAO DEL NORTE, BARIRA, GADUNG",BRGY. GADUNG,local,"MEMBER, SANGGUNIANG BAYAN of MAGUINDANAO DEL NORTE - BARIRA - LONE DIST","17. MACAUYAG, JAMEL (UBJP)",752,12.15
87010013,"BARMM, MAGUINDANAO DEL NORTE, BARIRA, GADUNG",BRGY. GADUNG,local,"MEMBER, SANGGUNIANG BAYAN of MAGUINDANAO DEL NORTE - BARIRA - LONE DIST","18. MAGUNDACAN, WAHAB (IND)",154,2.49
87010013,"BARMM, MAGUINDANAO DEL NORTE, BARIRA, GADUNG",BRGY. GADUNG,local,"MEMBER, SANGGUNIANG BAYAN of MAGUINDANAO DEL NORTE - BARIRA - LONE DIST","19. MALAMBUT, IBRAHIM (LAKAS)",19,0.31
87010013,"BARMM, MAGUINDANAO DEL NORTE, BARIRA, GADUNG",BRGY. GADUNG,local,"MEMBER, SANGGUNIANG BAYAN of MAGUINDANAO DEL NORTE - BARIRA - LONE DIST","20. MALAMBUT, MACKO (UBJP)",294,4.75
87010013,"BARMM, MAGUINDANAO DEL NORTE, BARIRA, GADUNG",BRGY. GADUNG,local,"MEMBER, SANGGUNIANG BAYAN of MAGUINDANAO DEL NORTE - BARIRA - LONE DIST","21. MAMA, BOTING (LAKAS)",532,8.6
87010013,"BARMM, MAGUINDANAO DEL NORTE, BARIRA, GADUNG",BRGY. GADUNG,local,"MEMBER, SANGGUNIANG BAYAN of MAGUINDANAO DEL NORTE - BARIRA - LONE DIST","22. MAMAILAN, JOEL (IND)",258,4.17
87010013,"BARMM, MAGUINDANAO DEL NORTE, BARIRA, GADUNG",BRGY. GADUNG,local,"MEMBER, SANGGUNIANG BAYAN of MAGUINDANAO DEL NORTE - BARIRA - LONE DIST","23. MANGUTARA, MANGKO (IND)",8,0.13
87010013,"BARMM, MAGUINDANAO DEL NORTE, BARIRA, GADUNG",BRGY. GADUNG,local,"MEMBER, SANGGUNIANG BAYAN of MAGUINDANAO DEL NORTE - BARIRA - LONE DIST","24. MARINDIG, HASMIN (PDSP)",284,4.59
87010013,"BARMM, MAGUINDANAO DEL NORTE, BARIRA, GADUNG",BRGY. GADUNG,local,"MEMBER, SANGGUNIANG BAYAN of MAGUINDANAO DEL NORTE - BARIRA - LONE DIST","25. MOKAMAD, USMAN (LAKAS)",0,0.0
87010013,"BARMM, MAGUINDANAO DEL NORTE, BARIRA, GADUNG",BRGY. GADUNG,local,"MEMBER, SANGGUNIANG BAYAN of MAGUINDANAO DEL NORTE - BARIRA - LONE DIST","26. PACALNA, KALIL (IND)",17,0.27
87010013,"BARMM, MAGUINDANAO DEL NORTE, BARIRA, GADUNG",BRGY. GADUNG,local,"MEMBER, SANGGUNIANG BAYAN of MAGUINDANAO DEL NORTE - BARIRA - LONE DIST","27. RONIE, ALEM (LAKAS)",138,2.23
87010013,"BARMM, MAGUINDANAO DEL NORTE, BARIRA, GADUNG",BRGY. GADUNG,local,"MEMBER, SANGGUNIANG BAYAN of MAGUINDANAO DEL NORTE - BARIRA - LONE DIST","28. SIMBAN, TAIB (IND)",29,0.47
87010013,"BARMM, MAGUINDANAO DEL NORTE, BARIRA, GADUNG",BRGY. GADUNG,local,"MEMBER, SANGGUNIANG BAYAN of MAGUINDANAO DEL NORTE - BARIRA - LONE DIST","29. SULAY, PACOTE (ITIHAD)",250,4.04
87010013,"BARMM, MAGUINDANAO DEL NORTE, BARIRA, GADUNG",BRGY. GADUNG,local,"MEMBER, SANGGUNIANG BAYAN of MAGUINDANAO DEL NORTE - BARIRA - LONE DIST","30. TAGO, ALI (ITIHAD)",93,1.5
87010013,"BARMM, MAGUINDANAO DEL NORTE, BARIRA, GADUNG",BRGY. GADUNG,local,"MEMBER, SANGGUNIANG BAYAN of MAGUINDANAO DEL NORTE - BARIRA - LONE DIST","31. TOMAWIS, BOCARI (UBJP)",527,8.52
87010013,"BARMM, MAGUINDANAO DEL NORTE, BARIRA, GADUNG",BRGY. GADUNG,local,"MEMBER, SANGGUNIANG BAYAN of MAGUINDANAO DEL NORTE - BARIRA - LONE DIST","32. TOMAWIS, MAROHOM (ITIHAD)",45,0.73
87010013,"BARMM, MAGUINDANAO DEL NORTE, BARIRA, GADUNG",BRGY. GADUNG,local,BARMM PARTY REPRESENTATIVES,1. BAPA,0,0.0
87010013,"BARMM, MAGUINDANAO DEL NORTE, BARIRA, GADUNG",BRGY. GADUNG,local,BARMM PARTY REPRESENTATIVES,2. BGC,0,0.0
87010013,"BARMM, MAGUINDANAO DEL NORTE, BARIRA, GADUNG",BRGY. GADUNG,local,BARMM PARTY REPRESENTATIVES,3. MAHARDIKA,0,0.0
87010013,"BARMM, MAGUINDANAO DEL NORTE, BARIRA, GADUNG",BRGY. GADUNG,local,BARMM PARTY REPRESENTATIVES,4. MORO AKO,0,0.0
87010013,"BARMM, MAGUINDANAO DEL NORTE, BARIRA, GADUNG",BRGY. GADUNG,local,BARMM PARTY REPRESENTATIVES,5. PRO BANGSAMORO PARTY,0,0.0
87010013,"BARMM, MAGUINDANAO DEL NORTE, BARIRA, GADUNG",BRGY. GADUNG,local,BARMM PARTY REPRESENTATIVES,6. RAAYAT DEMOCRATIC PARTY,0,0.0
87010013,"BARMM, MAGUINDANAO DEL NORTE, BARIRA, GADUNG",BRGY. GADUNG,local,BARMM PARTY REPRESENTATIVES,7. UBJP,0,0.0
87010013,"BARMM, MAGUINDANAO DEL NORTE, BARIRA, GADUNG",BRGY. GADUNG,local,BARMM MEMBERS OF THE PARLIAMENT of BARMM - MAGUINDANAO DEL NORTE - FIRST REGDIST,"1. BALITOK, JIMMY (UBJP)",0,0.0
87010013,"BARMM, MAGUINDANAO DEL NORTE, BARIRA, GADUNG",BRGY. GADUNG,local,BARMM MEMBERS OF THE PARLIAMENT of BARMM - MAGUINDANAO DEL NORTE - FIRST REGDIST,"2. TOMAWIS, GAZZALI JAFAR M.(BGC)",0,0.0
87010013,"BARMM, MAGUINDANAO DEL NORTE, BARIRA, GADUNG",BRGY. GADUNG,local,BARMM MEMBERS OF THE PARLIAMENT of BARMM - MAGUINDANAO DEL NORTE - FIRST REGDIST,"3. TOMAWIS, PRINCE KHALID (IND)",0,0.0
