GAA Page,Project Title,Amount
247,Adriatico Br. (B02290LZ) along M Adriatico,"100,000,000"
209,"Alaminos-San Pablo City Bypass Road (Alaminos Section), Laguna","300,000,000"
243,Alcate Br. (B00027MR) along CSR Jct-Minas Rd,"232,000,000"
245,Aninuan Br. (B00190MR) along Calapan North Rd,"31,400,000"
133,Angat St - Chainage 000 - Chainage 491,"24,000,000"
104,Asphalt Overlay along North Expressway West Service Rd (Caloocan),"40,000,000"
109,"Atabay-Pinabasan Rd - K0098 + (-438) - K0098 + 290, K0103 + 000 - K0103 + 606","30,500,000"
85,Aurora Blvd - K0007 + 615 - K0008 + 740,"50,000,000"
85,Aurora Blvd - K0008 + 515 - K0006 + 306,"50,000,000"
259,Aurora/Katipunan Flyover (B03211LZ) along C-5 (Katipunan/Aurora Flyover),"150,000,000"
79,Bacolod Circumferential Rd - K0003 + (-535) - K0006 + 000,"147,500,000"
60,"Bacolod North Rd - K0049 + 366 - K0050 + 616, K0085 + 487 - K0086 + 301","150,000,000"
60,Bacolod North Rd - K0088 + 596 - K0091 + 537,"150,000,000"
60,Bacolod North Rd - K0090 + 252 - K0091 + 537,"147,500,000"
99,Bacolod North Rd (Old Route) - K0072 + (-938) - K0074 + 000,"149,500,000"
99,Bacolod North Rd (Old Route) - K0074 + 000 - K0076 + 666,"149,500,000"
60,"Bacolod South Rd - K0000 + 000 - K0002 + 982, K0003 + 300 - K0004 + 085","147,500,000"
60,"Bacolod South Rd - K0055 + 174 - K0056 + 000, K0056 + 570 - K0056 + 720","66,500,000"
60,Bacolod South Rd - K0064 + 538 - K0065 + 364,"56,500,000"
209,"Bacoor Diversion Road, Package E, Cavite","300,000,000"
133,Balate Drive - K0010 + (-740) - K0010 + 424,"32,000,000"
109,Bantayan-Sn Pedro-Cubay Rd - Chainage 0 - Chainage 714,"29,500,000"
79,Bantayan-Sn Pedro-Cubay Rd - K0098 + 122 - K0101 + 000,"133,500,000"
79,Bantayan-Sn Pedro-Cubay Rd - K0101 + 000 - K0103 + 000,"97,500,000"
79,Bantayan-Sn Pedro-Cubay Rd - K0104 + 000 - K0106 + 103,"97,500,000"
90,Bantayan-Sn Pedro-Cubay Rd - K0106 + 103 - K0108 + 087,"40,500,000"
209,"Batangas City – San Pascual – Bauan Diversion Road, Package 1, Batangas","350,000,000"
209,"Batangas City – San Pascual – Bauan Diversion Road, Package 2, Batangas","350,000,000"
209,"Batangas City – San Pascual – Bauan Diversion Road, Package 3, Batangas","350,000,000"
75,Batangas-Tabangao-Lobo Rd,"350,000,000"
56,Bauang-Baguio Rd - K0264 + 866 - K0267 + 079,"100,000,000"
100,Bayawan-Mabinay Rd. - K0129 + 600 – K0131 + 500,"98,000,000"
100,Bayawan-Mabinay Rd. - K0131 + 500 – K0133 + 216,"111,000,000"
100,Bayawan-Mabinay Rd. - K0133 + 216 – K0136 + 116,"149,000,000"
100,Bayawan-Mabinay Rd. - K0136 + 116 – K0137 + 638,"100,000,000"
100,Bayawan-Mabinay Rd. - K0137 + 638 – K0139 + 160,"98,000,000"
99,"Binalbagan-Isabela Rd - K0062 + 000 - K0063 + 250, K0065 + 435 - K0066 + 511, Chainage 0 – Chainage 29","75,000,000"
247,Buendia Fly-Over (B01562LZ) along Roxas Blvd-Gil Puyat Flyover,"150,000,000"
109,"Bungcaon Fullon Rd - K0127 + (-788) - K0127 + 036, K0129 + 503 - K0129 + 614","18,500,000"
70,C-5 Road - K0015 + (-714) - K0015 + 1062,"90,000,000"
263,C-5-Sampaguita East On & Off Ramp Rd (B04748LZ) along C-5/Sampaguita east On & Off Ramp Rd,"25,000,000"
247,C-5/Sampaguita East & West Interchange (B04747LZ) along C-5/Sampaguita East & West Interchange,"100,000,000"
263,C-5/Sampaguita Flyover (East & West Ramp On) (B04749LZ) along C-5/Sampaguita Fly-Over (East & West Ramps Connector),"50,000,000"
247,C-5/Sampaguita West Ramp on Rd (B04751LZ) along C-5/Sampaguita West Ramp on Rd,"100,000,000"
247,C5/Ortigas Flyover (B03318LZ) along C5- Ortigas Flyover,"100,000,000"
253,C5/Ortigas Interchange (B03320LZ) along C-5 Ortigas Interchange,"25,000,000"
88,Calamba-Sta Cruz-Famy Jct Rd - K0105 + 516 - K0105 + 000,"40,873,000"
279,Candaba Parallel Br. along Baliwag-Candaba-Sta Ana Rd,"180,000,000"
245,Canubing Br. (B00173MR) along Calapan North Rd,"36,000,000"
245,Casiligan Br. (B00028MR) along CSR Jct-Pola Rd,"26,400,000"
,"Cavite-Batangas Rd - K0032 + 057 - K0032 + 885, K0034 + 246 - K0034 + 302, K0037 + 413 - K0037 + 955","123,000,000"
88,Cavite-Batangas Rd - K0051 + 131 - K0051 + 771,"44,000,000"
133,Central Luzon Leprosarium Rd - K0031 + (-170) - K0031 + 724,"20,000,000"
119,Commonwealth Ave - K0013 + 400 - K0013 + 820,"100,000,000"
119,Commonwealth Ave - K0013 + 820 - K0014 + 240,"100,000,000"
119,Commonwealth Ave - K0015 + (-275) - K0015 + 145,"100,000,000"
394,"Construction of River Control Structure along Romelo River, Siniloan, Laguna","98,000,000"
634,"Construction of Abra-Ilocos Norte to Abra-Kalinga Road Bypass Road, Bangued and Tayum, Abra","800,000,000"
531,"Construction of Access Road going to Anao TPLEX (Segment 8), Tarlac","100,000,000"
531,"Construction of Access Road leading to TPLEX (Phase 5), Anao, Tarlac","150,000,000"
449,"Construction of Access Road to Maharlika Highway in Support of Coconut Processing and other Agri-Based Industries, Guinayangan, Quezon (Phase V)","100,000,000"
449,"Construction of Access Road to Maharlika Highway in Support of Coconut Processing and other Agri-Based Industries, Lopez, Quezon (Phase V)","100,000,000"
638,"Construction of Alternate Road from Panabo City-Davao City, Phase 1, Davao del Norte","150,000,000"
643,"Construction of Anib Coastal Road, Sipocot, Camarines Sur","148,900,000"
,"Construction of Barangay Calampinay Coastal Road (Cabcabuban Section), Sipocot, Camarines Sur","149,338,000"
612,"Construction of Barangay Tiguib Road leading to Tiguib Highlands and Camping Grounds, Barangay Tiguib, Argao, Cebu","30,000,000"
643,"Construction of Barcelonita Coastal Road, Cabusao, Camarines Sur","149,313,000"
643,"Construction of Barcelonita, Cabusao to Mangga, Sipocot Coastal Road, Camarines Sur","149,751,000"
637,Construction of Cabigaan – Apurawan Cross Country Road Package A,"250,000,000"
637,Construction of Cabigaan – Apurawan Cross Country Road Package B,"250,000,000"
637,Construction of Cabigaan – Apurawan Cross Country Road Package C,"250,000,000"
637,Construction of Cabigaan – Apurawan Cross Country Road Package D,"250,000,000"
637,Construction of Cabigaan – Apurawan Cross Country Road Package E,"250,000,000"
643,"Construction of Calampinay Coastal Road, Sipocot, Camarines Sur","149,550,000"
532,"Construction of Capaba - Baliwag Road (Pasig Section) Candaba, Pampanga","200,000,000"
635,"Construction of Care - Villa Aglipay Diversion Road (Segment A), Tarlac","100,000,000"
635,"Construction of Care - Villa Aglipay Diversion Road (Segment B), Tarlac","100,000,000"
612,"Construction of Casay Airstrip-Tuba-Lumbang leading to Enchanted Mountain Resort, Dalaguete, Cebu","40,000,000"
613,"Construction of Cauasan Road leading to tourist destination at Mt. Kapayas, Carmen, Cebu","30,000,000"
641,"Construction of Coastal Road / Shore Protection along Barangay Adela - Barangay Rumbang, Rizal, Occidental Mindoro","250,000,000"
641,"Construction of Coastal Road / Shore Protection along Barangay Agsalin, Gloria, Oriental Mindoro","250,000,000"
641,"Construction of Coastal Road / Shore Protection along Barangay Anilao, Bongabong, Oriental Mindoro","250,000,000"
641,"Construction of Coastal Road / Shore Protection along Barangay Bulaklakan, Gloria, Oriental Mindoro","250,000,000"
641,"Construction of Coastal Road / Shore Protection along Barangay Cambijang - Barangay Poblacion, Calidiocan, Sibuyan Island, Romblon","250,000,000"
641,"Construction of Coastal Road / Shore Protection along Barangay Cambijang, Cajidiocan, Sibuyan Island, Romblon","250,000,000"
641,"Construction of Coastal Road / Shore Protection along Barangay Del Razon - Barangay Bulaklakan, Gloria, Oriental Mindoro","250,000,000"
641,"Construction of Coastal Road / Shore Protection along Barangay Del Razon, Gloria, Oriental Mindoro","250,000,000"
641,"Construction of Coastal Road / Shore Protection along Barangay Estrella - Barangay San Jose, Naujan, Oriental Mindoro","250,000,000"
641,"Construction of Coastal Road / Shore Protection along Barangay Estrella, Naujan, Oriental Mindoro","300,000,000"
641,"Construction of Coastal Road / Shore Protection along Barangay Iriron, Calintaan, Occidental Mindoro","250,000,000"
641,"Construction of Coastal Road / Shore Protection along Barangay Malawaan, Rizal, Occidental Mindoro","250,000,000"
641,"Construction of Coastal Road / Shore Protection along Barangay Masaguiing, Naujan, Oriental Mindoro","250,000,000"
641,"Construction of Coastal Road / Shore Protection along Barangay Melgar A - Barangay Melgar B, Naujan, Oriental Mindoro","250,000,000"
642,"Construction of Coastal Road / Shore Protection along Barangay Melgar A, Naujan, Oriental Mindoro","250,000,000"
642,"Construction of Coastal Road / Shore Protection along Barangay Melgar B - Barangay Masaguiing, Naujan, Oriental Mindoro","250,000,000"
642,"Construction of Coastal Road / Shore Protection along Barangay Melgar B, Naujan, Oriental Mindoro","250,000,000"
642,"Construction of Coastal Road / Shore Protection along Barangay Misong, Naujan, Oriental Mindoro","250,000,000"
642,"Construction of Coastal Road / Shore Protection along Barangay Montemayor, Naujan, Oriental Mindoro","250,000,000"
642,"Construction of Coastal Road / Shore Protection along Barangay New Dagupan - Barangay Poblacion, Calintaan, Occidental Mindoro","250,000,000"
642,"Construction of Coastal Road / Shore Protection along Barangay New Dagupan, Calintaan, Occidental Mindoro","250,000,000"
642,"Construction of Coastal Road / Shore Protection along Barangay Poblacion - Barangay Iriron, Calintaan, Occidental Mindoro","250,000,000"
642,"Construction of Coastal Road / Shore Protection along Barangay Poblacion, Calintaan, Occidental Mindoro","250,000,000"
642,"Construction of Coastal Road / Shore Protection along Barangay Proper Bansud, Bansud, Oriental Mindoro","250,000,000"
642,"Construction of Coastal Road / Shore Protection along Barangay Proper Tiguisan, Bansud, Oriental Mindoro","250,000,000"
642,"Construction of Coastal Road / Shore Protection along Barangay Quinabigan, Pinamalayan, Oriental Mindoro","250,000,000"
642,"Construction of Coastal Road / Shore Protection along Barangay Rumbang - Barangay Salvacion, Rizal, Occidental Mindoro","250,000,000"
642,"Construction of Coastal Road / Shore Protection along Barangay Salcedo, Bansud, Oriental Mindoro","250,000,000"
642,"Construction of Coastal Road / Shore Protection along Barangay Salvacion - Barangay Malawaan, Rizal, Occidental Mindoro","250,000,000"
642,"Construction of Coastal Road / Shore Protection along Barangay San Jose, Naujan, Oriental Mindoro","250,000,000"
642,"Construction of Coastal Road / Shore Protection along Barangay Tambong, Gloria, Oriental Mindoro","250,000,000"
642,"Construction of Coastal Road / Shore Protection along Barangay Zone III - Barangay Quinabigan, Pinamalayan, Oriental Mindoro","250,000,000"
642,"Construction of Coastal Road / Shore Protection along Barangay Zone III, Pinamalayan, Oriental Mindoro","250,000,000"
643,"Construction of Coastal Road, (Bolo Section), Barangay Cotmo, Sipocot, Camarines Sur","147,575,000"
643,"Construction of Coastal Road, (Calonggo Section), Barangay San Vicente, Sipocot, Camarines Sur","149,935,000"
643,"Construction of Coastal Road, Barangay Barcelonita, Cabusao, Camarines Sur","149,995,000"
643,"Construction of Coastal Road, Barangay Cotmo, Sipocot, Camarines Sur (Segment A)","148,777,000"
643,"Construction of Cotmo Coastal Road, Sipocot, Camarines Sur","149,573,000"
vetoed/849,"Construction of Cruise Port and Facilities Package I, Puerto Princesa City, Palawan","250,000,000"
542,"Construction of East Coastal Road, Barangay Bagong Silang Section, Puerto Princesa City, Palawan","250,000,000"
664,"Construction of Flood Control Mitigation Structure at Sadpudon Creek Phase 2, Carmen, Davao del Norte","150,000,000"
664,"Construction of Flood Control Mitigation Structure at Sadpudon Creek Phase 3, Carmen, Davao del Norte","150,000,000"
664,"Construction of Flood Mitigation Project (Phase 2) in Barangay Pasonanca, Zamboanga City","100,000,000"
659,"Construction of Flood Mitigation Structure (Phase III), Barangay Lugui, Labo, Camarines Norte","150,000,000"
389,"Construction of Flood Mitigation Structure along Sto. Cristo River, Sta. 10+000 - Sta. 10+150, City of San Jose del Monte, Bulacan","100,000,000"
394,"Construction of Flood Mitigation Structure at Piris River, Brgy. Sabang Piris, Buenavista, Quezon","100,000,000"
664,"Construction of Flood Mitigation Structure, along Dapitan River, Oyan Bridge (Upstream), Barangay Oyan, Dapitan City, Zamboanga del Norte","100,000,000"
658,"Construction of Flood Mitigation Structure, Barangay Talahib Pandayan (Section 2), Batangas City, Batangas","150,000,000"
664,"Construction of Flood Mitigation Structure, Ilaya Bridge, Abutment B, Downstream Section Ilaya, Dapitan City, Zamboanga del Norte, Package 1","100,000,000"
664,"Construction of Flood Mitigation Structure, Ilaya Bridge, Abutment B, Downstream Section Ilaya, Dapitan City, Zamboanga del Norte, Package 2","100,000,000"
664,"Construction of Flood Mitigation Structure, Ilaya Bridged, Abutment B, Downstream Section, Ilaya, Dapitan City, Zaboanga del Norte (Package 3)","100,000,000"
389,"Construction of Flood Mitigation Structurealong Sto. Cristo River, Sta. 10+150 - Sta. 10+300, City of San Jose del Monte, Bulacan","100,000,000"
389,"Construction of Flood Mitigation Structurealong Sto. Cristo River, Sta. 10+300 - Sta. 10+450, City of San Jose del Monte, Bulacan","100,000,000"
389,"Construction of Flood Mitigation Structurealong Sto. Cristo River, Sta. 10+450 - Sta. 10+600, City of San Jose del Monte, Bulacan","100,000,000"
389,"Construction of Flood Mitigation Structurealong Sto. Cristo River, Sta. 10+600 - Sta. 10+750, City of San Jose del Monte, Bulacan","100,000,000"
390,"Construction of Flood Mitigation Structurealong Sto. Cristo River, Sta. 10+750 - Sta. 10+900, City of San Jose del Monte, Bulacan","100,000,000"
528,"Construction of Lacub Bridge along Binongan River including approaches, Lacub, Abra","150,000,000"
643,"Construction of Mangga Coastal Road, Sipocot, Camarines Sur","148,772,000"
643,"Construction of Mangga Coastal Road, Sipocot, Camarines Sur (Segment A)","149,750,000"
550,"Construction of Mangiilismon Bridge, Talisay City, Cebu","150,000,000"
635,"Construction of Moncada - San Manuel Bypass Road (Segment 16), Tarlac","100,000,000"
632,"Construction of Moncada - San Manuel Bypass Road (Segment 17), Tarlac","100,000,000"
vetoed/822,"Construction of Multi-Purpose Building (Government Center), Barangay Gaddani, Tayum, Abra","800,000,000"
528,"Construction of Nagba Bridge including approaches, Lagayan, Abra","600,000,000"
