Congressman,Source_ID,Source_Name,URL,Publish_Date

Tirso Edwin Loleng Gardiola,web:44,Edwin Gardiola - Wikipedia,https://en.wikipedia.org/wiki/Edwin_Gardiola,2025-03-12

Tirso Edwin Loleng Gardiola,web:45,Contractor-turned-congressman Tirso Edwin Loleng Gardiola - VOV Philippines,https://www.facebook.com/vovph/posts/contractor-turned-congressman-tirso-edwin-loleng-gardiola-allocated-400-million-/1242081721297565,

Tirso Edwin Loleng Gardiola,web:46,Party-List Representatives of the 20th Congress - Reddit,https://www.reddit.com/r/Philippines/comments/1m7xen9/partylist_representatives_of_the_20th_congress/,2025-07-24

Tirso Edwin Loleng Gardiola,web:49,Tirso Edwin Gardiola Biography - PeoPlaid,https://peoplaid.com/2023/03/30/tirso-edwin-gardiola/,2023-03-29

Tirso Edwin Loleng Gardiola,web:52,Purchaser of luxury cars rides tax evasion net - DOF Philippines,https://www.dof.gov.ph/purchaser-of-luxury-cars-rides-tax-evasion-net/,2012-02-29

Mannix Dalipe,web:54,Mannix Dalipe - Wikipedia,https://en.wikipedia.org/wiki/Mannix_Dalipe,2025-02-05

Mannix Dalipe,web:58,Dalipe questions timing of graft complaint vs House leaders - Inquirer News,https://newsinfo.inquirer.net/2033384/dalipe-questions-timing-of-graft-complaint-vs-house-leaders,2025-02-09

Mannix Dalipe,web:133,Manuel Jose Dalipe Biography - PeoPlaid,https://peoplaid.com/2019/11/30/manuel-jose-dalipe/,2019-11-29

David Suarez,web:83,David Suarez (politician) - Wikipedia,https://en.wikipedia.org/wiki/David_Suarez_(politician),2016-06-01

David Suarez,web:88,Quezon's 2nd congressional district - Wikipedia,https://en.wikipedia.org/wiki/Quezon's_2nd_congressional_district,2020-04-20

Aurelio Gonzales Jr.,web:104,AURELIO DONG GONZALES - PDP Laban,https://pdplaban.org.ph/aurelio-dong-gonzales/,

Aurelio Gonzales Jr.,web:109,Senior Deputy Speaker Aurelio 'Dong' D. Gonzales Jr. - Manila Standard,https://manilastandard.net/?p=314475383,2024-09-02

Aurelio Gonzales Jr.,web:110,Pampanga's Flood of Favors: Gonzales & Sons - Kwebanibarok.com,https://kwebanibarok.com/2025/09/04/pampangas-flood-of-favors-gonzales-sons-public-works-profiteers/,2025-09-03

Aurelio Gonzales Jr.,web:112,Aurelio Gonzales Jr. - Wikipedia,https://en.wikipedia.org/wiki/Aurelio_Gonzales_Jr.,2016-09-20

Aurelio Gonzales Jr.,web:113,Pampanga lawmaker faces graft case for P 612M worth of projects - Inquirer News,https://newsinfo.inquirer.net/1837158/pampanga-lawmaker-faces-graft-case-for-p-612m-projects/,2023-09-26

Aurelio Gonzales Jr.,rappler:politicontractors,Aurelio Gonzales Jr. contractor ties - Rappler Politicontractors,https://www.rappler.com/newsbreak/investigative/politicians-government-contractors-connections-map/,2025-09-03

David Suarez,rappler:politicontractors,David Suarez infrastructure firms - Rappler Politicontractors,https://www.rappler.com/newsbreak/investigative/politicians-government-contractors-connections-map/,2025-09-03

Elizaldy Salcedo Co,rappler:politicontractors,Zaldy Co flood-control contracts - Rappler Politicontractors,https://www.rappler.com/newsbreak/investigative/politicians-government-contractors-connections-map/,2025-09-03

Martin Romualdez,web:115,Martin Romualdez - Wikipedia,https://en.wikipedia.org/wiki/Martin_Romualdez,2015-02-24

Martin Romualdez,web:123,The House of Romualdez: Legacy, power, and a family that runs through Congress - Asian Journal,https://asianjournal.com/philippines/across-the-islands/the-house-of-romualdez-legacy-power-and-a-family-that-runs-through-congress/,2025-07-27

Martin Romualdez,web:127,Leyte's 1st congressional district - Wikiwand,https://www.wikiwand.com/en/articles/Leyte's_1st_congressional_district,1995-06-29

Martin Romualdez,web:128,Romualdezes leave EEI in buyout deal with top exec - Business Inquirer.net,https://business.inquirer.net/513889/romualdezes-leave-eei-in-buyout-deal-with-top-exec,2025-03-19

Manuel Jose Dalipe,web:140,DALIPE: WEALTH SURGES AS DPWH BUDGET BLOWS UP! - Aviso Zamboanga,https://www.facebook.com/avisozamboanga/posts/dalipe-wealth-surges-as-dpwh-budget-blows-upas-the-department-of-public-works-an/1229083155898201,

Edwin Gardiola - MBB Global,web:146,The crooks who might get away - Manila Times,https://www.manilatimes.net/2025/10/08/opinion/columns/the-crooks-who-might-get-away/2196121,2025-10-08

Edwin Gardiola - MBB Global,web:156,Twelve to 15 congressmen are facing prosecution - Philippine STAR Facebook,https://www.facebook.com/PhilippineSTAR/posts/twelve-to-15-congressmen-are-facing-prosecution-for-doubling-as-contractors-for-/1291640842999792,


